{
    "Best Model": "Random Forest",
    "R2": 0.8905945404036233,
    "MAE_lakh": 1.4840460125184411,
    "RMSE_lakh": 3.6692479158917135
}