{
    "Best Model": "XGBoost",
    "R2": 0.9395182495830092,
    "MAE": 0.11427544189373091,
    "RMSE": 0.1851577267636316
}