Model,R2,MAE,RMSE
Linear Regression,0.7729671170021006,0.1812913517206494,0.3587352442370661
Random Forest,0.9329420963411827,0.12395351390851597,0.1949641005965182
XGBoost,0.9395182495830092,0.11427544189373091,0.1851577267636316
CatBoost,0.9344022633430379,0.12638955062602408,0.19282977381654517
